particle_id,id,type,material,x,y,z,radius,base_radius,radius_scale,density_scale
1,1,2,beryllium,0.38322498622495843,0.6661259816587691,0.6661710550979566,0.1,0.1,1.0,1.0
2,2,2,beryllium,0.9491806651812363,0.807650554317697,0.2415301108635394,0.1,0.1,1.0,1.0
3,3,2,beryllium,1.3737276611300877,0.807605806536975,0.666083618611544,0.1,0.1,1.0,1.0
4,4,1,breeder,1.373649993049484,0.24149776970542153,1.2322199147146713,0.1,0.1,1.0,1.0
5,5,1,breeder,0.8075406491140705,0.6661881373106571,0.5246463696664531,0.1,0.1,1.0,1.0
6,6,2,beryllium,0.6661352636434127,0.9493229429324695,1.2323354589365403,0.1,0.1,1.0,1.0
7,7,1,breeder,0.6661204434541576,0.807650554317697,1.6568312194989334,0.1,0.1,1.0,1.0
8,8,2,beryllium,0.38306022172707876,0.1,0.1,0.1,0.1,1.0,1.0
9,9,1,breeder,1.515301108635394,1.3737709977718546,1.6568312194989334,0.1,0.1,1.0,1.0
10,10,2,beryllium,0.8077233222119826,0.38307628176627423,0.8076780209937514,0.1,0.1,1.0,1.0
11,11,1,breeder,1.0907107760447758,1.2322408869083152,0.807650554317697,0.1,0.1,1.0,1.0
12,12,1,breeder,0.3831264296128181,0.8076317747321502,0.8077528253418109,0.1,0.1,1.0,1.0
13,13,1,breeder,1.6568312194989334,1.6568312194989334,0.9491806651812363,0.1,0.1,1.0,1.0
14,14,1,breeder,0.6661010977519715,1.0907751607103697,1.656606195855511,0.1,0.1,1.0,1.0
15,15,2,beryllium,1.515301108635394,0.2415301108635394,1.6568312194989334,0.1,0.1,1.0,1.0
16,16,2,beryllium,1.3739475574196947,1.0905931273551306,0.9492217408293341,0.1,0.1,1.0,1.0
17,17,1,breeder,1.3738110838845583,0.24161180549273534,0.3829898846412163,0.1,0.1,1.0,1.0
18,18,1,breeder,1.2321712419187207,1.6568026767999082,0.24139114030820033,0.1,0.1,1.0,1.0
19,19,2,beryllium,1.232187031613693,1.3737857305001866,1.3736484393849115,0.1,0.1,1.0,1.0
20,20,2,beryllium,0.5246841578234067,0.10018094871147985,0.5245514601161461,0.1,0.1,1.0,1.0
21,21,1,breeder,0.24149695706346683,1.5152290435918032,1.6568113748100533,0.1,0.1,1.0,1.0
22,22,1,breeder,1.090523857472954,1.5151930377951965,0.5246118498786593,0.1,0.1,1.0,1.0
23,23,1,breeder,0.5245057998813828,0.8075579177748057,1.2321138025453409,0.1,0.1,1.0,1.0
24,24,1,breeder,1.5151257646964753,1.3736290087797165,1.373744403976093,0.1,0.1,1.0,1.0
25,25,1,breeder,0.38306022172707876,0.5245903325906182,1.0907107760447758,0.1,0.1,1.0,1.0
26,26,1,breeder,1.3736623519752655,0.8077026037433145,1.515406462885189,0.1,0.1,1.0,1.0
27,27,1,breeder,1.0906813979248808,0.383118022982143,0.2415001918904287,0.1,0.1,1.0,1.0
28,28,2,beryllium,0.38299223696695384,0.8077134710250584,0.5244959067155313,0.1,0.1,1.0,1.0
29,29,1,breeder,0.3830365015034423,1.2322416519470423,0.3830932992876477,0.1,0.1,1.0,1.0
30,30,2,beryllium,0.1,1.3737709977718546,0.2415301108635394,0.1,0.1,1.0,1.0
31,31,1,breeder,0.5245903325906182,0.1,1.0907107760447758,0.1,0.1,1.0,1.0
32,32,2,beryllium,0.5245903325906182,0.1,0.807650554317697,0.1,0.1,1.0,1.0
33,33,2,beryllium,1.3739727985599153,1.2322904430835142,0.5244741715906511,0.1,0.1,1.0,1.0
34,34,1,breeder,0.5245903325906182,1.515301108635394,1.6568312194989334,0.1,0.1,1.0,1.0
35,35,1,breeder,0.8076505675814127,0.807730509969706,0.38314199381702435,0.1,0.1,1.0,1.0
36,36,1,breeder,1.0906883788239965,0.9491631984925774,0.2416263334130046,0.1,0.1,1.0,1.0
37,37,2,beryllium,1.3737709977718546,0.38306022172707876,0.5245903325906182,0.1,0.1,1.0,1.0
38,38,2,beryllium,0.66611015228366,1.0907229980211632,0.8077185614275966,0.1,0.1,1.0,1.0
39,39,2,beryllium,0.24153223675819677,0.8077254588336544,0.38301212142237256,0.1,0.1,1.0,1.0
40,40,2,beryllium,0.24150313340798268,1.5152220574770519,1.3737718538162522,0.1,0.1,1.0,1.0
41,41,1,breeder,1.3737442214843587,0.666136708135878,1.3736694738683177,0.1,0.1,1.0,1.0
42,42,1,breeder,0.66611449153802,1.090615822337241,0.24159687102416477,0.1,0.1,1.0,1.0
43,43,1,breeder,1.232104273918795,1.2322855008984959,0.9492139392774481,0.1,0.1,1.0,1.0
44,44,1,breeder,0.9489437149160989,1.3738897551926048,0.24161524756048514,0.1,0.1,1.0,1.0
45,45,2,beryllium,0.8076649631729086,0.5246159198445519,0.10005536951633023,0.1,0.1,1.0,1.0
46,46,1,breeder,0.8076788653506755,1.0907473158544363,0.6660628414255089,0.1,0.1,1.0,1.0
47,47,2,beryllium,0.10003537197215574,1.373830631595843,1.3737825439973705,0.1,0.1,1.0,1.0
48,48,2,beryllium,0.6661438257560364,0.24162905281919508,0.5246311583251752,0.1,0.1,1.0,1.0
49,49,1,breeder,0.1,0.9491806651812363,0.1,0.1,0.1,1.0,1.0
50,50,1,breeder,0.241494023277085,0.38313612023064775,0.24147851968244438,0.1,0.1,1.0,1.0
51,51,2,beryllium,0.2415301108635394,1.515301108635394,0.2415301108635394,0.1,0.1,1.0,1.0
52,52,2,beryllium,0.9492031118872566,0.9490584447554509,0.3829906127623609,0.1,0.1,1.0,1.0
53,53,1,breeder,0.9491226292665867,1.6567708878873233,0.8077340783929979,0.1,0.1,1.0,1.0
54,54,2,beryllium,0.38306022172707876,0.5245903325906182,0.5245903325906182,0.1,0.1,1.0,1.0
55,55,2,beryllium,1.6568038088223531,0.9490587224451354,1.3738566726129249,0.1,0.1,1.0,1.0
56,56,1,breeder,0.1,0.6661204434541576,1.2322408869083152,0.1,0.1,1.0,1.0
57,57,2,beryllium,1.3738816563842022,1.6568064611726574,0.949224953937002,0.1,0.1,1.0,1.0
58,58,1,breeder,0.807650554317697,0.1,0.807650554317697,0.1,0.1,1.0,1.0
59,59,2,beryllium,0.9492741382770247,0.8075938820160203,1.0907927874328687,0.1,0.1,1.0,1.0
60,60,1,breeder,1.5153024661767212,0.8075708866362802,0.8076206775285115,0.1,0.1,1.0,1.0
61,61,2,beryllium,1.6568312194989334,1.6568312194989334,0.38306022172707876,0.1,0.1,1.0,1.0
62,62,1,breeder,1.2322408869083152,0.38306022172707876,0.6661204434541576,0.1,0.1,1.0,1.0
63,63,1,breeder,1.0906934418165586,0.383042350612616,1.0907232710293084,0.1,0.1,1.0,1.0
64,64,2,beryllium,0.24152711452930892,0.6661266394379246,0.5244645007936761,0.1,0.1,1.0,1.0
65,65,1,breeder,0.9492280189627335,1.0908752437753613,1.0907595980552158,0.1,0.1,1.0,1.0
66,66,1,breeder,0.8075634325436892,0.9492243464715534,1.3738171419621774,0.1,0.1,1.0,1.0
67,67,2,beryllium,0.1,1.3737709977718546,1.0907107760447758,0.1,0.1,1.0,1.0
68,68,1,breeder,1.6567413075366226,1.2322437700379045,0.24148634565542712,0.1,0.1,1.0,1.0
69,69,1,breeder,1.0905989200799817,0.24151368190163874,1.2323587939889222,0.1,0.1,1.0,1.0
70,70,1,breeder,1.515301108635394,0.1,0.38306022172707876,0.1,0.1,1.0,1.0
71,71,2,beryllium,1.6568312194989334,0.5245903325906182,1.515301108635394,0.1,0.1,1.0,1.0
72,72,2,beryllium,0.9491806651812363,1.6568312194989334,0.5245903325906182,0.1,0.1,1.0,1.0
73,73,1,breeder,1.0906815742600824,0.8078038059501697,1.5152601500948364,0.1,0.1,1.0,1.0
74,74,2,beryllium,1.515301108635394,1.6568312194989334,0.5245903325906182,0.1,0.1,1.0,1.0
75,75,2,beryllium,0.24143476923976065,0.2415698784328994,1.5152463529153288,0.1,0.1,1.0,1.0
76,76,1,breeder,1.515139906005184,1.0907537092451143,0.24161797603653049,0.1,0.1,1.0,1.0
77,77,2,beryllium,1.5152795938941932,0.5247549956486569,1.6567411491851303,0.1,0.1,1.0,1.0
78,78,1,breeder,1.3737805996453596,0.8076811794680961,0.10002827841017901,0.1,0.1,1.0,1.0
79,79,1,breeder,1.2322408869083152,1.3737709977718546,1.0907107760447758,0.1,0.1,1.0,1.0
80,80,2,beryllium,1.515320626884266,1.6568064172473416,1.3736899051437454,0.1,0.1,1.0,1.0
81,81,2,beryllium,0.9491285846943057,1.373807950453404,0.8077275901925317,0.1,0.1,1.0,1.0
82,82,2,beryllium,1.515301108635394,1.3737709977718546,0.2415301108635394,0.1,0.1,1.0,1.0
83,83,2,beryllium,0.24156800647131296,0.9492401612118893,0.24141176088344266,0.1,0.1,1.0,1.0
84,84,1,breeder,0.8077364208874831,1.656815358595308,1.2323127241897862,0.1,0.1,1.0,1.0
85,85,1,breeder,1.2320900185830912,1.2320958400242716,1.2322570370073818,0.1,0.1,1.0,1.0
86,86,1,breeder,1.6568312194989334,0.1,0.807650554317697,0.1,0.1,1.0,1.0
87,87,2,beryllium,1.5153034591468932,1.5153612637414466,1.2321986816914603,0.1,0.1,1.0,1.0
88,88,1,breeder,0.5245770047533446,0.3831893463210399,0.8077144358613007,0.1,0.1,1.0,1.0
89,89,2,beryllium,0.8077976107904687,0.5246585771683203,0.3830397533251907,0.1,0.1,1.0,1.0
90,90,2,beryllium,0.666086661502053,1.515431637845457,0.10006647214213407,0.1,0.1,1.0,1.0
91,91,2,beryllium,1.0906884504730459,1.3737754925294619,0.6662037052699392,0.1,0.1,1.0,1.0
92,92,1,breeder,0.38303160971452366,0.1000363280805427,1.2321911721924879,0.1,0.1,1.0,1.0
93,93,1,breeder,0.5245358273135704,1.3736396646442963,0.10010654366851976,0.1,0.1,1.0,1.0
94,94,2,beryllium,1.6566811210015737,0.38326134768047254,0.8076241454457731,0.1,0.1,1.0,1.0
95,95,2,beryllium,1.6568238575456398,0.2416207360911408,1.2321849898972441,0.1,0.1,1.0,1.0
96,96,1,breeder,0.38308024445506966,1.0906958882767497,1.3739090536765384,0.1,0.1,1.0,1.0
97,97,2,beryllium,0.9492968544404345,1.6567850649204128,0.24159031754112112,0.1,0.1,1.0,1.0
98,98,1,breeder,0.9491452013756595,0.666185241617937,0.38301023273103074,0.1,0.1,1.0,1.0
99,99,2,beryllium,0.9490727766984671,1.2320795129232451,0.38305678436634144,0.1,0.1,1.0,1.0
100,100,1,breeder,1.6568312194989334,0.6661204434541576,1.3737709977718546,0.1,0.1,1.0,1.0
101,101,2,beryllium,1.65681768066707,0.1001951579198783,0.524542668280104,0.1,0.1,1.0,1.0
102,102,2,beryllium,1.3738128913509204,1.232397775839142,0.2414714568319287,0.1,0.1,1.0,1.0
103,103,1,breeder,0.6661204434541576,0.2415301108635394,1.3737709977718546,0.1,0.1,1.0,1.0
104,104,1,breeder,0.38306022172707876,0.2415301108635394,1.0907107760447758,0.1,0.1,1.0,1.0
105,105,1,breeder,1.2323052086067652,1.0907793151726966,0.5246800602201961,0.1,0.1,1.0,1.0
106,106,1,breeder,0.6661252477215982,0.8076816983777719,0.5245758392321971,0.1,0.1,1.0,1.0
107,107,1,breeder,1.090640404000594,1.5154274213268917,1.6567475096869382,0.1,0.1,1.0,1.0
108,108,1,breeder,1.515331785432892,0.9491956952296144,1.5152447275734306,0.1,0.1,1.0,1.0
109,109,1,breeder,1.0907107760447758,0.5245903325906182,0.1,0.1,0.1,1.0,1.0
110,110,1,breeder,0.8076839022713987,1.515213517852179,0.5246850363412295,0.1,0.1,1.0,1.0
111,111,2,beryllium,0.6661204434541576,0.5245903325906182,1.3737709977718546,0.1,0.1,1.0,1.0
112,112,2,beryllium,1.3736370430920148,0.6660041895872817,1.6568255084352472,0.1,0.1,1.0,1.0
113,113,1,breeder,1.5151538815751866,0.6662876313052075,1.5152248689004888,0.1,0.1,1.0,1.0
114,114,2,beryllium,0.38306022172707876,0.38306022172707876,0.38306022172707876,0.1,0.1,1.0,1.0
115,115,1,breeder,0.2415622050702367,0.5245778150849346,0.3831430834261094,0.1,0.1,1.0,1.0
116,116,1,breeder,0.8077362682037939,0.2415334780822398,0.6660883883018172,0.1,0.1,1.0,1.0
117,117,1,breeder,1.656714865519856,1.515356549751196,1.3737304045205594,0.1,0.1,1.0,1.0
118,118,1,breeder,1.3737709977718546,1.515301108635394,1.0907107760447758,0.1,0.1,1.0,1.0
119,119,2,beryllium,0.3830302149315066,0.24164362994689043,0.24151051163379558,0.1,0.1,1.0,1.0
120,120,2,beryllium,0.9491806651812363,1.0907107760447758,0.2415301108635394,0.1,0.1,1.0,1.0
121,121,2,beryllium,1.0907237656707331,1.3736506132152577,0.3830120334155291,0.1,0.1,1.0,1.0
122,122,2,beryllium,0.10000373235147549,1.515462604086164,0.10001180168002131,0.1,0.1,1.0,1.0
123,123,1,breeder,0.1,0.807650554317697,1.6568312194989334,0.1,0.1,1.0,1.0
124,124,1,breeder,0.6661144236602642,1.3737269062266235,0.8077217018071161,0.1,0.1,1.0,1.0
125,125,2,beryllium,0.24165590758391692,0.10001319107918256,0.8076781782369999,0.1,0.1,1.0,1.0
126,126,2,beryllium,0.3830528700426811,0.666174117675566,0.9492150493110275,0.1,0.1,1.0,1.0
127,127,1,breeder,0.24160610736177696,0.524594759884536,0.10008067419832886,0.1,0.1,1.0,1.0
128,128,2,beryllium,1.373669099233031,1.0907454522818227,0.38308085080815546,0.1,0.1,1.0,1.0
129,129,2,beryllium,0.1,0.38306022172707876,1.515301108635394,0.1,0.1,1.0,1.0
130,130,2,beryllium,1.6567601351481525,0.6660749745850533,0.8076733484648919,0.1,0.1,1.0,1.0
131,131,2,beryllium,1.2321953519237758,1.5152003550178743,0.10001131451948998,0.1,0.1,1.0,1.0
132,132,1,breeder,1.5153557008123975,0.24144819680941068,0.8076713968507439,0.1,0.1,1.0,1.0
133,133,1,breeder,1.0907812561680985,0.5245044716544377,1.2322034924742618,0.1,0.1,1.0,1.0
134,134,1,breeder,0.6662042830894349,1.0907054580000881,0.5245598468971524,0.1,0.1,1.0,1.0
135,135,2,beryllium,0.8076016883923298,0.24176851929620546,1.2321967229016608,0.1,0.1,1.0,1.0
136,136,1,breeder,0.9491806651812363,0.38306022172707876,1.2322408869083152,0.1,0.1,1.0,1.0
137,137,2,beryllium,0.3831224999547562,1.3738644189839784,0.524583483490081,0.1,0.1,1.0,1.0
138,138,1,breeder,1.3737709977718546,1.515301108635394,0.2415301108635394,0.1,0.1,1.0,1.0
139,139,2,beryllium,0.8075231938131133,0.6661360096275577,1.0906543011096985,0.1,0.1,1.0,1.0
140,140,1,breeder,0.9493042518663378,0.6661494681371238,0.10017881153329007,0.1,0.1,1.0,1.0
141,141,2,beryllium,0.5245602340064581,1.3736312036436982,0.3831211413913158,0.1,0.1,1.0,1.0
142,142,1,breeder,1.2322408869083152,0.1,0.1,0.1,0.1,1.0,1.0
143,143,2,beryllium,1.2321769983386701,1.515333261806052,1.2321230469204978,0.1,0.1,1.0,1.0
144,144,2,beryllium,1.656753562714428,0.24166719192423222,0.38304141686015203,0.1,0.1,1.0,1.0
145,145,2,beryllium,1.3737709977718546,0.9491806651812363,1.6568312194989334,0.1,0.1,1.0,1.0
146,146,1,breeder,0.8077892528043131,1.2322144929897068,1.3738038088074893,0.1,0.1,1.0,1.0
147,147,1,breeder,1.0907069350696244,0.666051086191039,0.5245534240550337,0.1,0.1,1.0,1.0
148,148,2,beryllium,1.0906975346186578,0.38304751584164476,1.6567436511160922,0.1,0.1,1.0,1.0
149,149,1,breeder,0.9491806651812363,0.9491806651812363,1.515301108635394,0.1,0.1,1.0,1.0
150,150,2,beryllium,1.2322408869083152,0.5245903325906182,1.3737709977718546,0.1,0.1,1.0,1.0
151,151,2,beryllium,1.6568312194989334,0.807650554317697,0.9491806651812363,0.1,0.1,1.0,1.0
152,152,1,breeder,1.65662759818107,0.9490940363642727,1.0906612994939562,0.1,0.1,1.0,1.0
153,153,1,breeder,1.373836181465565,0.6660082620961856,0.24152391656436942,0.1,0.1,1.0,1.0
154,154,1,breeder,0.24157990366566853,0.5245384715033483,0.6660692885022813,0.1,0.1,1.0,1.0
155,155,2,beryllium,0.9491537050606068,0.6661719852518727,0.6660705929687145,0.1,0.1,1.0,1.0
156,156,2,beryllium,1.6568312194989334,0.9491806651812363,0.5245903325906182,0.1,0.1,1.0,1.0
157,157,1,breeder,0.3830480163207191,1.6567777620201944,1.0906444867086038,0.1,0.1,1.0,1.0
158,158,2,beryllium,0.3830912041764595,0.24139124370477774,1.3737299992512404,0.1,0.1,1.0,1.0
159,159,2,beryllium,0.3831261519947834,0.6660717286884548,0.3829660934818189,0.1,0.1,1.0,1.0
160,160,1,breeder,1.0906735072693359,1.373938994806511,0.9493352932149971,0.1,0.1,1.0,1.0
161,161,1,breeder,1.6567987469944931,1.3739477334963879,1.5153169366100474,0.1,0.1,1.0,1.0
162,162,1,breeder,1.0907187095538151,0.8076133294614226,0.38315778583516996,0.1,0.1,1.0,1.0
163,163,2,beryllium,1.090605359706076,1.6567824571530025,0.9491159373917403,0.1,0.1,1.0,1.0
164,164,1,breeder,1.3736554065593234,0.524662661914145,0.10000931521288106,0.1,0.1,1.0,1.0
165,165,1,breeder,1.515250742531859,1.2322759974226856,1.2320810075004807,0.1,0.1,1.0,1.0
166,166,2,beryllium,1.0907273692382466,1.0905867976534827,0.1000527077467114,0.1,0.1,1.0,1.0
167,167,1,breeder,1.5153162083387373,0.6661854416888556,0.9491628002885317,0.1,0.1,1.0,1.0
168,168,2,beryllium,1.2321498493917653,1.6568221125535576,0.8076590777366471,0.1,0.1,1.0,1.0
169,169,2,beryllium,0.807650554317697,1.2322408869083152,0.2415301108635394,0.1,0.1,1.0,1.0
170,170,2,beryllium,0.10005291811555099,0.8075099723699628,0.5246420870516433,0.1,0.1,1.0,1.0
171,171,1,breeder,1.0907604877700703,0.9491576892999942,0.807546122206561,0.1,0.1,1.0,1.0
172,172,2,beryllium,1.5154048811996463,0.6660660495611436,0.38297718974734046,0.1,0.1,1.0,1.0
173,173,1,breeder,0.10004383603276291,1.3737884350283116,0.8075081314357371,0.1,0.1,1.0,1.0
174,174,1,breeder,0.666114749903635,1.373977257599359,1.373730422096887,0.1,0.1,1.0,1.0
175,175,1,breeder,1.3737709977718546,1.0907107760447758,1.2322408869083152,0.1,0.1,1.0,1.0
176,176,1,breeder,1.5151607821610584,0.8076428481006479,1.0908809340035672,0.1,0.1,1.0,1.0
177,177,1,breeder,1.2322408869083152,0.807650554317697,1.0907107760447758,0.1,0.1,1.0,1.0
178,178,1,breeder,0.24140721459005696,0.9492605509725517,0.5246471468070674,0.1,0.1,1.0,1.0
179,179,2,beryllium,0.5246996337978613,1.0905145039372044,0.38306534163492145,0.1,0.1,1.0,1.0
180,180,1,breeder,0.6661038186272834,0.6660610219040777,0.9491643985100583,0.1,0.1,1.0,1.0
181,181,1,breeder,1.3737491506891586,0.24148902638615188,1.5152940370927188,0.1,0.1,1.0,1.0
182,182,1,breeder,1.2322417964461274,1.0906543210168806,1.3736719770324255,0.1,0.1,1.0,1.0
183,183,2,beryllium,1.6567162815450427,0.38310020887195845,0.5245811615585352,0.1,0.1,1.0,1.0
184,184,2,beryllium,1.6567603354820097,0.38318094123382007,0.2414696783580859,0.1,0.1,1.0,1.0
185,185,1,breeder,1.232199467162158,0.6661492172517798,0.10000563581783149,0.1,0.1,1.0,1.0
186,186,1,breeder,0.6659343492203129,0.6661354611260222,0.38304021014916334,0.1,0.1,1.0,1.0
187,187,2,beryllium,1.0907708490184118,0.5245268794803994,1.5152046837748436,0.1,0.1,1.0,1.0
188,188,1,breeder,0.5245096502818026,1.3738414060643256,0.6661061523017728,0.1,0.1,1.0,1.0
189,189,1,breeder,0.6661959407098459,0.38304681010682984,0.3829519897202886,0.1,0.1,1.0,1.0
190,190,1,breeder,1.0907107760447758,0.807650554317697,0.1,0.1,0.1,1.0,1.0
191,191,2,beryllium,1.2323052038690765,0.949261485428786,1.5151942485954948,0.1,0.1,1.0,1.0
192,192,2,beryllium,0.38300679234437757,0.24144197884172877,0.5244988196160432,0.1,0.1,1.0,1.0
193,193,1,breeder,0.24169173781878675,0.38304615900128036,0.5245416664749425,0.1,0.1,1.0,1.0
194,194,1,breeder,0.5245903325906182,0.9491806651812363,1.6568312194989334,0.1,0.1,1.0,1.0
195,195,2,beryllium,0.3831212495474448,0.3830256721364109,0.9492262306292252,0.1,0.1,1.0,1.0
196,196,2,beryllium,1.3737709977718546,1.0907107760447758,0.1,0.1,0.1,1.0,1.0
197,197,1,breeder,0.8076327223978287,0.807642986927914,1.232276664226936,0.1,0.1,1.0,1.0
198,198,2,beryllium,0.9491234918401789,1.5154234109405949,0.10000401671715294,0.1,0.1,1.0,1.0
199,199,1,breeder,0.10003168848626447,1.2323774546297457,1.5153457625327593,0.1,0.1,1.0,1.0
200,200,2,beryllium,0.1,0.2415301108635394,1.0907107760447758,0.1,0.1,1.0,1.0
201,201,2,beryllium,1.515301108635394,1.0907107760447758,0.807650554317697,0.1,0.1,1.0,1.0
202,202,2,beryllium,1.3737709977718546,0.6661204434541576,0.807650554317697,0.1,0.1,1.0,1.0
203,203,2,beryllium,0.5246665731707699,1.2320854016678982,0.5246619208223142,0.1,0.1,1.0,1.0
204,204,1,breeder,0.5245903325906182,1.2322408869083152,1.0907107760447758,0.1,0.1,1.0,1.0
205,205,2,beryllium,1.5153801565342269,0.6661898104272126,0.6660725998319751,0.1,0.1,1.0,1.0
206,206,1,breeder,1.0907931679962204,0.2413983097554431,1.5153671264231192,0.1,0.1,1.0,1.0
207,207,2,beryllium,0.38312699611049067,1.0907670433451757,0.5245885987149754,0.1,0.1,1.0,1.0
208,208,1,breeder,0.6661123303327199,0.9493142729107892,0.6662203685649724,0.1,0.1,1.0,1.0
209,209,1,breeder,0.6662074874401843,0.10000498838636294,0.9491951431219507,0.1,0.1,1.0,1.0
210,210,1,breeder,1.3737541098583992,1.2322839158200845,1.0906312597239805,0.1,0.1,1.0,1.0
211,211,1,breeder,1.6568169607813998,0.38319560503094935,1.3737134757640095,0.1,0.1,1.0,1.0
212,212,2,beryllium,0.807787703751188,1.515231727289466,1.6566706919982077,0.1,0.1,1.0,1.0
213,213,1,breeder,1.3738565661268693,1.5151800382033507,0.807578500171386,0.1,0.1,1.0,1.0
214,214,1,breeder,1.656696025869787,0.9494631543939152,0.24160963079066966,0.1,0.1,1.0,1.0
215,215,1,breeder,0.9491806651812363,0.2415301108635394,0.5245903325906182,0.1,0.1,1.0,1.0
216,216,1,breeder,1.09080670356149,0.24150661583532868,0.9492164121406625,0.1,0.1,1.0,1.0
217,217,1,breeder,0.6660473547185792,1.2320999652887232,0.3830681347615316,0.1,0.1,1.0,1.0
218,218,2,beryllium,1.3738595379707776,0.6661686975316096,0.5245807225032733,0.1,0.1,1.0,1.0
219,219,1,breeder,0.24154410588077718,1.090755760663711,1.232359497931048,0.1,0.1,1.0,1.0
220,220,2,beryllium,0.10012031373786351,0.5245495907426141,0.5246737353819835,0.1,0.1,1.0,1.0
221,221,1,breeder,1.5154202085686044,1.3737756130909506,0.5244149020732393,0.1,0.1,1.0,1.0
222,222,2,beryllium,1.6568312194989334,0.6661204434541576,0.5245903325906182,0.1,0.1,1.0,1.0
223,223,1,breeder,1.6568312194989334,0.5245903325906182,0.9491806651812363,0.1,0.1,1.0,1.0
224,224,1,breeder,0.3830165867174547,0.38308876686681276,1.51520776734183,0.1,0.1,1.0,1.0
225,225,2,beryllium,0.24167874302674414,0.9491695669708734,0.8076259592112188,0.1,0.1,1.0,1.0
226,226,2,beryllium,1.0907107760447758,0.1,1.0907107760447758,0.1,0.1,1.0,1.0
227,227,1,breeder,0.9491806651812363,1.3737709977718546,1.6568312194989334,0.1,0.1,1.0,1.0
228,228,1,breeder,0.9491806651812363,1.515301108635394,0.38306022172707876,0.1,0.1,1.0,1.0
229,229,2,beryllium,0.524667779290199,1.3738992186211134,1.2321337350359058,0.1,0.1,1.0,1.0
230,230,1,breeder,1.2322883162443512,0.8075916915819373,0.8077301076598005,0.1,0.1,1.0,1.0
231,231,1,breeder,0.6662000302996335,0.5244669664311844,0.8076852329249344,0.1,0.1,1.0,1.0
232,232,2,beryllium,0.8076238623747476,0.5245558126963261,0.9492036894571847,0.1,0.1,1.0,1.0
233,233,2,beryllium,1.2322476759023497,0.24148147242195211,0.2416487937886908,0.1,0.1,1.0,1.0
234,234,2,beryllium,0.6661204434541576,0.2415301108635394,1.0907107760447758,0.1,0.1,1.0,1.0
235,235,1,breeder,1.0907191154945113,1.656817555438342,0.6661187201369372,0.1,0.1,1.0,1.0
236,236,1,breeder,0.5245903325906182,0.1,1.6568312194989334,0.1,0.1,1.0,1.0
237,237,2,beryllium,1.5152890120750993,0.3829981327741359,0.9491899002636677,0.1,0.1,1.0,1.0
238,238,1,breeder,0.9491806651812363,1.515301108635394,0.9491806651812363,0.1,0.1,1.0,1.0
239,239,2,beryllium,0.3829807811397032,1.5153724525010976,0.9491097352401443,0.1,0.1,1.0,1.0
240,240,1,breeder,1.0907202613700877,1.5152660417323416,0.2414050106789208,0.1,0.1,1.0,1.0
241,241,1,breeder,0.3830425892557346,0.3831145621922013,0.10004467191225294,0.1,0.1,1.0,1.0
242,242,1,breeder,1.656818932855984,1.3737854948525592,0.38289785292720546,0.1,0.1,1.0,1.0
243,243,1,breeder,1.656818655752308,1.373604771676565,1.2321991016142548,0.1,0.1,1.0,1.0
244,244,2,beryllium,1.3737709977718546,0.38306022172707876,1.3737709977718546,0.1,0.1,1.0,1.0
245,245,2,beryllium,1.515227425997199,0.9491057094259265,0.6660877559203142,0.1,0.1,1.0,1.0
246,246,2,beryllium,1.515301108635394,0.38306022172707876,0.38306022172707876,0.1,0.1,1.0,1.0
247,247,2,beryllium,0.9491806651812363,1.3737709977718546,1.0907107760447758,0.1,0.1,1.0,1.0
248,248,1,breeder,0.8076683236326961,1.3737987582999445,0.6662417233926282,0.1,0.1,1.0,1.0
249,249,1,breeder,0.6661833092028931,1.6566880693644244,0.524441320191755,0.1,0.1,1.0,1.0
250,250,1,breeder,0.1,0.807650554317697,1.0907107760447758,0.1,0.1,1.0,1.0
251,251,1,breeder,0.9492134037903129,0.8077162879605349,0.5245028073760436,0.1,0.1,1.0,1.0
252,252,2,beryllium,1.6568312194989334,0.6661204434541576,1.0907107760447758,0.1,0.1,1.0,1.0
253,253,1,breeder,1.0907107760447758,0.807650554317697,0.6661204434541576,0.1,0.1,1.0,1.0
254,254,1,breeder,0.1000087609904806,0.10017887375073946,0.9491329620962886,0.1,0.1,1.0,1.0
255,255,2,beryllium,1.515275633761449,1.0906863158626083,0.5246073939684834,0.1,0.1,1.0,1.0
256,256,2,beryllium,1.0907987183525776,1.3737686046483142,1.5153999287290894,0.1,0.1,1.0,1.0
257,257,1,breeder,1.5153501276961678,1.5153031548380655,0.3829823831643622,0.1,0.1,1.0,1.0
258,258,1,breeder,0.1,0.9491806651812363,0.38306022172707876,0.1,0.1,1.0,1.0
259,259,1,breeder,1.2323792827895943,0.9492015554950928,0.9491930177567274,0.1,0.1,1.0,1.0
260,260,2,beryllium,0.9491346234397195,1.5153758753671926,0.6661881909439722,0.1,0.1,1.0,1.0
261,261,1,breeder,0.8075878148269814,0.6662263555337992,0.24149277279129913,0.1,0.1,1.0,1.0
262,262,1,breeder,1.5153790314098239,1.232280913797088,1.5152654119726943,0.1,0.1,1.0,1.0
263,263,1,breeder,0.5244856559526708,0.38295746517839135,1.3737873577804107,0.1,0.1,1.0,1.0
264,264,1,breeder,1.515301108635394,0.2415301108635394,0.5245903325906182,0.1,0.1,1.0,1.0
265,265,1,breeder,0.5245903325906182,1.6568312194989334,0.9491806651812363,0.1,0.1,1.0,1.0
266,266,1,breeder,0.6660713662390795,0.38298236361503085,1.5151972862700436,0.1,0.1,1.0,1.0
267,267,1,breeder,0.8075465849454821,1.3736986931859325,0.38316244915320063,0.1,0.1,1.0,1.0
268,268,2,beryllium,1.6567401897710952,1.5153413981941697,0.8075143650376825,0.1,0.1,1.0,1.0
269,269,2,beryllium,0.5245512768583389,0.9490980622890194,1.0905659890448347,0.1,0.1,1.0,1.0
270,270,1,breeder,1.5151844393261862,0.24155258056230003,1.0908824139693247,0.1,0.1,1.0,1.0
271,271,1,breeder,1.0906322406446636,1.6567898433623653,0.3831199583038718,0.1,0.1,1.0,1.0
272,272,2,beryllium,1.5154331279054258,1.2321037630758163,0.6660928604109879,0.1,0.1,1.0,1.0
273,273,2,beryllium,1.09063455509753,1.0907110836742848,0.3831192344028463,0.1,0.1,1.0,1.0
274,274,1,breeder,0.1000133654292078,0.8076029148399418,0.8076439945241343,0.1,0.1,1.0,1.0
275,275,1,breeder,0.38322845288489177,1.2322551976013252,1.5153460578674367,0.1,0.1,1.0,1.0
276,276,2,beryllium,0.1,1.515301108635394,1.515301108635394,0.1,0.1,1.0,1.0
277,277,1,breeder,1.2323541223462569,1.0906519386166391,1.090618923994272,0.1,0.1,1.0,1.0
278,278,2,beryllium,0.2415301108635394,1.6568312194989334,0.9491806651812363,0.1,0.1,1.0,1.0
279,279,2,beryllium,0.5245560347246584,1.0907913109242753,1.232435294286387,0.1,0.1,1.0,1.0
280,280,1,breeder,1.6566516005445517,1.0909034749409143,0.3830724477441542,0.1,0.1,1.0,1.0
281,281,2,beryllium,0.24140435966723064,0.8077244478431381,1.2321899987622384,0.1,0.1,1.0,1.0
282,282,1,breeder,1.2323351327105294,1.5151967748501969,0.9492738959352441,0.1,0.1,1.0,1.0
283,283,1,breeder,1.6568312194989334,0.6661204434541576,0.2415301108635394,0.1,0.1,1.0,1.0
284,284,2,beryllium,1.0907215281016434,1.373741706455254,1.232063985799036,0.1,0.1,1.0,1.0
285,285,2,beryllium,0.8074204231331481,1.090824949204921,0.100017189081614,0.1,0.1,1.0,1.0
286,286,1,breeder,0.6660789483821771,0.807682248106739,1.0905957263360113,0.1,0.1,1.0,1.0
287,287,1,breeder,0.38317608075434284,1.232269683389595,0.6661293350417096,0.1,0.1,1.0,1.0
288,288,2,beryllium,1.2321606076622207,1.5153653905068645,1.515383017671811,0.1,0.1,1.0,1.0
289,289,2,beryllium,0.807650554317697,1.515301108635394,1.3737709977718546,0.1,0.1,1.0,1.0
290,290,2,beryllium,0.9492205450525394,0.5245636796643126,0.8075295899663674,0.1,0.1,1.0,1.0
291,291,1,breeder,0.8075922674537246,1.373676449636728,0.100079178999062,0.1,0.1,1.0,1.0
292,292,1,breeder,0.3830558376888245,1.5154807106179915,0.6658893291739583,0.1,0.1,1.0,1.0
293,293,2,beryllium,0.2415044661736586,1.5154521805913115,0.5245329032264875,0.1,0.1,1.0,1.0
294,294,1,breeder,0.2415301108635394,1.6568312194989334,1.2322408869083152,0.1,0.1,1.0,1.0
295,295,1,breeder,1.0907748611452428,0.9492549101813373,1.090601778503835,0.1,0.1,1.0,1.0
296,296,2,beryllium,1.0907107760447758,0.1,0.2415301108635394,0.1,0.1,1.0,1.0
297,297,2,beryllium,0.5245150040219627,0.24146381955851623,0.6662393785167434,0.1,0.1,1.0,1.0
298,298,2,beryllium,1.0907107760447758,1.6568312194989334,1.2322408869083152,0.1,0.1,1.0,1.0
299,299,1,breeder,0.807650554317697,1.2322408869083152,0.5245903325906182,0.1,0.1,1.0,1.0
300,300,2,beryllium,0.5246545495352095,0.10001956883037758,0.24138336889650627,0.1,0.1,1.0,1.0
301,301,1,breeder,1.2321415742739983,1.232203374039752,1.5153789191663734,0.1,0.1,1.0,1.0
302,302,2,beryllium,0.38301669716100056,0.9491674676792784,1.5154698163700553,0.1,0.1,1.0,1.0
303,303,1,breeder,0.38317138733532285,1.6568127812178879,1.373768712607327,0.1,0.1,1.0,1.0
304,304,1,breeder,1.6568312194989334,1.6568312194989334,1.2322408869083152,0.1,0.1,1.0,1.0
305,305,2,beryllium,1.373680793086549,0.38307596773269814,0.24149431845101044,0.1,0.1,1.0,1.0
306,306,1,breeder,1.3738974951282132,0.10008977438068697,0.24147965951600556,0.1,0.1,1.0,1.0
307,307,1,breeder,0.24155838793569032,0.38301337417414894,1.0906467927099124,0.1,0.1,1.0,1.0
308,308,2,beryllium,1.5153462898231882,0.3831230228615635,1.2323103063116114,0.1,0.1,1.0,1.0
309,309,2,beryllium,1.5151077640192228,0.38305076627447077,0.666147384498265,0.1,0.1,1.0,1.0
310,310,2,beryllium,0.10013074807232063,0.5245181334780802,1.090550627918759,0.1,0.1,1.0,1.0
311,311,1,breeder,1.0907390740837348,1.3736070797304587,0.10004024503538124,0.1,0.1,1.0,1.0
312,312,1,breeder,0.6660018514746366,0.6660649065515781,0.10001489247604886,0.1,0.1,1.0,1.0
313,313,1,breeder,0.8077725737868798,1.6568183043165101,1.5154020109412036,0.1,0.1,1.0,1.0
314,314,2,beryllium,0.2415301108635394,0.6661204434541576,1.6568312194989334,0.1,0.1,1.0,1.0
315,315,2,beryllium,0.5248091789331407,1.656752885585537,0.6660389428728818,0.1,0.1,1.0,1.0
316,316,2,beryllium,0.1,0.5245903325906182,1.3737709977718546,0.1,0.1,1.0,1.0
317,317,2,beryllium,0.6660109042394888,1.6565548086563484,1.0908137490979957,0.1,0.1,1.0,1.0
318,318,1,breeder,0.10008767760496232,0.2416318589411418,1.656750405787372,0.1,0.1,1.0,1.0
319,319,1,breeder,1.515301108635394,1.6568312194989334,0.807650554317697,0.1,0.1,1.0,1.0
320,320,1,breeder,0.24156937832562844,0.8075541424888443,0.6659891534425388,0.1,0.1,1.0,1.0
321,321,2,beryllium,1.6567743173023015,1.0906149848640325,0.9490595595500464,0.1,0.1,1.0,1.0
322,322,1,breeder,0.38306022172707876,1.6568312194989334,0.2415301108635394,0.1,0.1,1.0,1.0
323,323,1,breeder,1.0906603073039944,0.9491349324222391,1.3736386372021052,0.1,0.1,1.0,1.0
324,324,2,beryllium,0.5244444649816681,1.090652930426753,0.10005154724883694,0.1,0.1,1.0,1.0
325,325,1,breeder,1.5154067500258142,0.10007549123495124,0.6660756337777091,0.1,0.1,1.0,1.0
326,326,1,breeder,1.5152903353585943,1.5150963026542483,0.9491751455335256,0.1,0.1,1.0,1.0
327,327,2,beryllium,1.2323593845765766,0.3829838078909328,1.5152148265798253,0.1,0.1,1.0,1.0
328,328,2,beryllium,0.1,0.2415301108635394,1.3737709977718546,0.1,0.1,1.0,1.0
329,329,1,breeder,0.6616972099850256,0.6733844743213124,0.673011579833765,0.1,0.1,1.0,1.0
330,330,2,beryllium,1.515301108635394,0.38306022172707876,0.1,0.1,0.1,1.0,1.0
331,331,1,breeder,0.8077205927999881,0.807761972646145,1.5152849912533124,0.1,0.1,1.0,1.0
332,332,1,breeder,1.2321338906532202,1.5152586421192464,0.6661121127760685,0.1,0.1,1.0,1.0
333,333,1,breeder,1.0907107760447758,0.9491806651812363,1.6568312194989334,0.1,0.1,1.0,1.0
334,334,1,breeder,1.2322408869083152,1.3737709977718546,1.6568312194989334,0.1,0.1,1.0,1.0
335,335,2,beryllium,1.3737709977718546,1.0907107760447758,0.6661204434541576,0.1,0.1,1.0,1.0
336,336,1,breeder,0.5245903325906182,0.1,1.3737709977718546,0.1,0.1,1.0,1.0
337,337,1,breeder,1.2323203781488627,1.6568048349585642,1.0906885765376895,0.1,0.1,1.0,1.0
338,338,2,beryllium,0.10027647227727836,1.090624624640067,1.0907823561075358,0.1,0.1,1.0,1.0
339,339,2,beryllium,0.10003440557236366,1.0906247792694233,0.2416349124582703,0.1,0.1,1.0,1.0
340,340,2,beryllium,1.0906497019656742,0.5246014655338341,0.6660674414007437,0.1,0.1,1.0,1.0
341,341,2,beryllium,0.1,0.5245903325906182,1.6568312194989334,0.1,0.1,1.0,1.0
342,342,1,breeder,0.5246340128238599,0.5246257820297275,1.2323143938748538,0.1,0.1,1.0,1.0
343,343,1,breeder,0.6661707478398432,1.3737787362847687,0.24155771338892545,0.1,0.1,1.0,1.0
344,344,1,breeder,0.24158599672665004,1.5151443665445803,0.8075803582492075,0.1,0.1,1.0,1.0
345,345,2,beryllium,1.0906287857662473,1.5152136264616296,1.373711565079724,0.1,0.1,1.0,1.0
346,346,1,breeder,1.6568312194989334,0.9491806651812363,1.6568312194989334,0.1,0.1,1.0,1.0
347,347,2,beryllium,1.0908478124507486,0.10001841895262194,0.5245512386209373,0.1,0.1,1.0,1.0
348,348,1,breeder,1.2323353827126253,0.666061295504409,1.5152653069058062,0.1,0.1,1.0,1.0
349,349,1,breeder,0.24168155689070683,0.9491286681343547,1.090559023154848,0.1,0.1,1.0,1.0
350,350,1,breeder,0.9490842644518722,0.666231344702571,0.9491923568944358,0.1,0.1,1.0,1.0
351,351,2,beryllium,1.2322400087169763,0.9492196057027877,0.6660332154714653,0.1,0.1,1.0,1.0
352,352,1,breeder,0.8077107655978237,1.0906418732549514,1.2322617927477204,0.1,0.1,1.0,1.0
353,353,2,beryllium,1.6568312194989334,1.0907107760447758,1.515301108635394,0.1,0.1,1.0,1.0
354,354,2,beryllium,1.3736256454765516,0.949082910904222,0.24149558132092191,0.1,0.1,1.0,1.0
355,355,2,beryllium,0.9492175152133666,0.9491556315813179,0.10017542645803407,0.1,0.1,1.0,1.0
356,356,1,breeder,1.6568312194989334,1.2322408869083152,0.5245903325906182,0.1,0.1,1.0,1.0
357,357,1,breeder,0.38314725333750466,0.94919592161172,0.9490747771640952,0.1,0.1,1.0,1.0
358,358,1,breeder,0.5245982199772609,1.2323540047033827,0.8076594287011425,0.1,0.1,1.0,1.0
359,359,2,beryllium,0.1,0.5245903325906182,0.2415301108635394,0.1,0.1,1.0,1.0
360,360,2,beryllium,0.666132232223179,0.6660611413802241,1.515271338438371,0.1,0.1,1.0,1.0
361,361,1,breeder,0.10000794447381144,0.9491823222805604,1.5150946996525612,0.1,0.1,1.0,1.0
362,362,1,breeder,0.8077411586020211,0.6663318618533721,1.6568272753390922,0.1,0.1,1.0,1.0
363,363,2,beryllium,1.373856350750078,0.1000609167035244,0.5246991973053774,0.1,0.1,1.0,1.0
364,364,1,breeder,1.3737709977718546,0.1,1.0907107760447758,0.1,0.1,1.0,1.0
365,365,2,beryllium,0.8076894882759452,0.38299473348834606,1.656754430480939,0.1,0.1,1.0,1.0
366,366,2,beryllium,0.2415301108635394,1.0907107760447758,0.38306022172707876,0.1,0.1,1.0,1.0
367,367,2,beryllium,0.5246697697265073,0.2414544462995933,1.515337057896564,0.1,0.1,1.0,1.0
368,368,1,breeder,0.2414182373066265,1.3737997694096808,0.10010418892195484,0.1,0.1,1.0,1.0
369,369,1,breeder,0.1000766488290715,1.2322613734775998,0.6660914554898273,0.1,0.1,1.0,1.0
370,370,1,breeder,0.10008051375860205,1.5151594349188828,1.2321823475998044,0.1,0.1,1.0,1.0
371,371,1,breeder,0.3831739152276542,1.5151983476325348,0.1001623240019386,0.1,0.1,1.0,1.0
372,372,1,breeder,1.656761830301755,0.10007443337444027,1.6567722384609123,0.1,0.1,1.0,1.0
373,373,2,beryllium,0.6661204434541576,1.6568312194989334,0.807650554317697,0.1,0.1,1.0,1.0
374,374,1,breeder,1.3737913402014672,0.9490773644611012,1.3738349692343554,0.1,0.1,1.0,1.0
375,375,1,breeder,0.6661493657251772,0.24146483796168794,1.6567076030724062,0.1,0.1,1.0,1.0
376,376,1,breeder,1.5154105654911563,1.5151947442873568,0.10002571118249062,0.1,0.1,1.0,1.0
377,377,2,beryllium,0.6661204434541576,0.807650554317697,0.2415301108635394,0.1,0.1,1.0,1.0
378,378,1,breeder,0.38306022172707876,0.807650554317697,1.3737709977718546,0.1,0.1,1.0,1.0
379,379,2,beryllium,1.2323202838557004,0.6660568898991086,0.9490571345388049,0.1,0.1,1.0,1.0
380,380,1,breeder,1.3737709977718546,1.6568312194989334,1.515301108635394,0.1,0.1,1.0,1.0
381,381,1,breeder,1.3737744106457281,1.3736208229991242,0.666236677747332,0.1,0.1,1.0,1.0
382,382,1,breeder,1.3736559899405858,1.3737130236581927,1.515234404256641,0.1,0.1,1.0,1.0
383,383,2,beryllium,0.5245903325906182,0.38306022172707876,0.5245903325906182,0.1,0.1,1.0,1.0
384,384,2,beryllium,0.24168120102917984,1.3736801709242106,0.6660263240286359,0.1,0.1,1.0,1.0
385,385,1,breeder,1.2322408869083152,1.2322408869083152,0.1,0.1,0.1,1.0,1.0
386,386,1,breeder,1.2322408869083152,0.38306022172707876,0.9491806651812363,0.1,0.1,1.0,1.0
387,387,1,breeder,0.8077267297432325,1.0905819634064795,0.3830160058825106,0.1,0.1,1.0,1.0
388,388,1,breeder,1.5153136307912811,0.5246977318961968,1.373908620645158,0.1,0.1,1.0,1.0
389,389,2,beryllium,1.0907107760447758,1.2322408869083152,1.6568312194989334,0.1,0.1,1.0,1.0
390,390,1,breeder,0.5245204387222339,0.5246680965734918,0.9491445359761913,0.1,0.1,1.0,1.0
391,391,1,breeder,1.373800269581794,0.383071937275548,0.8077879271019088,0.1,0.1,1.0,1.0
392,392,1,breeder,0.10000959932991604,1.656689640314028,1.3737999857350789,0.1,0.1,1.0,1.0
393,393,1,breeder,0.1,0.38306022172707876,0.1,0.1,0.1,1.0,1.0
394,394,1,breeder,0.2415301108635394,0.9491806651812363,1.6568312194989334,0.1,0.1,1.0,1.0
395,395,1,breeder,1.6568312194989334,1.2322408869083152,0.807650554317697,0.1,0.1,1.0,1.0
396,396,1,breeder,0.10011764166876674,0.3829828370484043,0.6659504650403428,0.1,0.1,1.0,1.0
397,397,2,beryllium,1.5151372436508008,1.6568182028246814,0.24154921157911988,0.1,0.1,1.0,1.0
398,398,1,breeder,0.8077264305783242,0.9492740895798893,0.8076420977022121,0.1,0.1,1.0,1.0
399,399,2,beryllium,0.10007608749147183,0.6660518716474486,0.6661464435487909,0.1,0.1,1.0,1.0
400,400,2,beryllium,1.515378502047524,0.9491276999548148,0.948952918875005,0.1,0.1,1.0,1.0
401,401,1,breeder,0.1,1.2322408869083152,0.38306022172707876,0.1,0.1,1.0,1.0
402,402,1,breeder,0.5246341401422093,0.9490930823984942,1.3737922651193677,0.1,0.1,1.0,1.0
403,403,1,breeder,1.0907107760447758,1.2322408869083152,1.0907107760447758,0.1,0.1,1.0,1.0
404,404,1,breeder,1.2320738968502567,0.8076574802014699,0.2416169168059262,0.1,0.1,1.0,1.0
405,405,1,breeder,0.24165457292090053,0.8075798299074247,1.5153156471776212,0.1,0.1,1.0,1.0
406,406,1,breeder,1.6567302463729014,1.2322200598603845,1.373771023369836,0.1,0.1,1.0,1.0
407,407,2,beryllium,1.5152163928194344,0.5246914992932781,0.8076334853485025,0.1,0.1,1.0,1.0
408,408,1,breeder,1.5153531340941933,0.24153780336913727,1.373651648542526,0.1,0.1,1.0,1.0
409,409,1,breeder,0.6660749061794043,1.2320313979058086,0.6661542374139912,0.1,0.1,1.0,1.0
410,410,1,breeder,0.38306022172707876,1.515301108635394,1.515301108635394,0.1,0.1,1.0,1.0
411,411,1,breeder,0.38306022172707876,0.6661204434541576,1.2322408869083152,0.1,0.1,1.0,1.0
412,412,1,breeder,0.5245903325906182,1.3737709977718546,0.9491806651812363,0.1,0.1,1.0,1.0
413,413,2,beryllium,1.515301108635394,1.3737709977718546,1.0907107760447758,0.1,0.1,1.0,1.0
414,414,1,breeder,1.515301108635394,1.0907107760447758,1.6568312194989334,0.1,0.1,1.0,1.0
415,415,2,beryllium,0.1,0.1,1.515301108635394,0.1,0.1,1.0,1.0
416,416,2,beryllium,1.3737000552273504,0.5245043003090649,0.3829722268564456,0.1,0.1,1.0,1.0
417,417,2,beryllium,0.1000539412487484,1.2322677716447614,0.10013496918000127,0.1,0.1,1.0,1.0
418,418,2,beryllium,0.807650554317697,0.38306022172707876,0.5245903325906182,0.1,0.1,1.0,1.0
419,419,2,beryllium,1.6568312194989334,0.807650554317697,0.38306022172707876,0.1,0.1,1.0,1.0
420,420,1,breeder,0.1000878464541442,0.38310442516467286,0.3829410976782026,0.1,0.1,1.0,1.0
421,421,1,breeder,0.10006284850365954,0.38288874474596896,1.2322586798760422,0.1,0.1,1.0,1.0
422,422,1,breeder,1.6568312194989334,0.807650554317697,1.515301108635394,0.1,0.1,1.0,1.0
423,423,2,beryllium,1.2321691185383241,0.524588170892643,0.5246147930215835,0.1,0.1,1.0,1.0
424,424,1,breeder,1.6568312194989334,0.2415301108635394,1.515301108635394,0.1,0.1,1.0,1.0
425,425,2,beryllium,0.9492164883320332,0.9492432373251185,0.9490911283790416,0.1,0.1,1.0,1.0
426,426,1,breeder,0.10006948691375052,0.10001884295175896,0.6658295119541165,0.1,0.1,1.0,1.0
427,427,1,breeder,0.9493424603344798,1.232336308104166,1.515321898696528,0.1,0.1,1.0,1.0
428,428,1,breeder,0.24156271026460993,1.2320477407459995,0.5245916409822401,0.1,0.1,1.0,1.0
429,429,1,breeder,1.515223230609421,0.3830378381924563,1.5153977706772859,0.1,0.1,1.0,1.0
430,430,2,beryllium,0.24160716557876888,0.3831493106886979,1.6567926265022004,0.1,0.1,1.0,1.0
431,431,1,breeder,1.3737311738412334,1.5151124929158628,1.3737769351051259,0.1,0.1,1.0,1.0
432,432,1,breeder,0.8077473049738647,0.10009212672508692,0.5246689438824672,0.1,0.1,1.0,1.0
433,433,1,breeder,0.5245903325906182,0.807650554317697,0.38306022172707876,0.1,0.1,1.0,1.0
434,434,1,breeder,1.2323495428105424,0.8075467349414611,0.5245462371035541,0.1,0.1,1.0,1.0
435,435,1,breeder,1.6568312194989334,1.515301108635394,0.2415301108635394,0.1,0.1,1.0,1.0
436,436,2,beryllium,0.24154971643515213,0.10004067098504495,1.6568114153929476,0.1,0.1,1.0,1.0
437,437,1,breeder,0.5246494108385527,0.9492420993654948,0.8076960818201211,0.1,0.1,1.0,1.0
438,438,2,beryllium,0.6661908704019919,1.0906316782090946,1.0907456268523612,0.1,0.1,1.0,1.0
439,439,1,breeder,1.3736002891956995,0.5246286850483397,1.2321585329187124,0.1,0.1,1.0,1.0
440,440,1,breeder,0.524494024982783,1.5152353515854802,0.8076923776620861,0.1,0.1,1.0,1.0
441,441,1,breeder,1.0907752260085508,0.24160358404811388,0.6660499799053764,0.1,0.1,1.0,1.0
442,442,1,breeder,1.3737709977718546,0.9491806651812363,0.807650554317697,0.1,0.1,1.0,1.0
443,443,1,breeder,1.373957155324327,0.8075805792601937,0.38312511850026504,0.1,0.1,1.0,1.0
444,444,1,breeder,0.38309317590249514,1.0906613999237547,0.24176382347308017,0.1,0.1,1.0,1.0
445,445,1,breeder,1.0908280088680926,0.10005208474919347,1.3737929433749445,0.1,0.1,1.0,1.0
446,446,2,beryllium,0.80745061730057,0.8076131408225307,0.10000557214223671,0.1,0.1,1.0,1.0
447,447,1,breeder,0.8077562133424749,1.6568033007205984,0.9492311135109949,0.1,0.1,1.0,1.0
448,448,1,breeder,0.6661204434541576,1.515301108635394,0.9491806651812363,0.1,0.1,1.0,1.0
449,449,1,breeder,1.515301108635394,1.6568312194989334,1.6568312194989334,0.1,0.1,1.0,1.0
450,450,2,beryllium,1.515301108635394,1.6568312194989334,1.0907107760447758,0.1,0.1,1.0,1.0
451,451,2,beryllium,0.383056975351445,0.10002343187611615,0.6661017002617204,0.1,0.1,1.0,1.0
452,452,2,beryllium,0.8076342545372307,1.090719583689994,0.9492143487069841,0.1,0.1,1.0,1.0
453,453,1,breeder,1.0907959389870414,1.0906798957336108,0.6660754313843169,0.1,0.1,1.0,1.0
454,454,1,breeder,1.515301108635394,0.1,1.515301108635394,0.1,0.1,1.0,1.0
455,455,2,beryllium,0.38322674563206854,1.090692370209588,1.65679565384206,0.1,0.1,1.0,1.0
456,456,1,breeder,1.2322408869083152,0.807650554317697,1.3737709977718546,0.1,0.1,1.0,1.0
457,457,1,breeder,1.5153559728554926,1.090748056809815,1.3738659146203802,0.1,0.1,1.0,1.0
458,458,1,breeder,0.38306022172707876,1.3737709977718546,0.807650554317697,0.1,0.1,1.0,1.0
459,459,1,breeder,0.24164831827894698,1.373857299085897,1.232078249673018,0.1,0.1,1.0,1.0
460,460,1,breeder,0.24163669865074947,0.10003045958979385,0.24161337173486003,0.1,0.1,1.0,1.0
461,461,2,beryllium,0.24166546599179597,0.24168662313033668,0.6661341353757292,0.1,0.1,1.0,1.0
462,462,1,breeder,0.5244728958874838,1.2321623874461782,0.24148382277439842,0.1,0.1,1.0,1.0
463,463,1,breeder,0.6661279687455723,0.38312979931894064,0.9492258141460863,0.1,0.1,1.0,1.0
464,464,1,breeder,1.0907621160038872,0.24149846256791646,0.383029132645547,0.1,0.1,1.0,1.0
465,465,2,beryllium,1.2322408869083152,0.807650554317697,1.6568312194989334,0.1,0.1,1.0,1.0
466,466,2,beryllium,0.6660741116450596,0.3830494748688972,0.6661790607158802,0.1,0.1,1.0,1.0
467,467,2,beryllium,0.5245903325906182,1.2322408869083152,1.6568312194989334,0.1,0.1,1.0,1.0
468,468,1,breeder,1.3737709977718546,1.6568312194989334,0.38306022172707876,0.1,0.1,1.0,1.0
469,469,1,breeder,1.0905716684660351,0.8077235507256225,0.9491411379712515,0.1,0.1,1.0,1.0
470,470,1,breeder,1.3737709977718546,0.5245903325906182,0.9491806651812363,0.1,0.1,1.0,1.0
471,471,2,beryllium,1.5153169626071759,0.9491427314746884,1.232234013184767,0.1,0.1,1.0,1.0
472,472,1,breeder,0.6660022010401575,0.38302784788190664,1.2322581234837007,0.1,0.1,1.0,1.0
473,473,1,breeder,1.656789938355521,0.524724783908319,0.10004128119003931,0.1,0.1,1.0,1.0
474,474,2,beryllium,0.5246819173856329,0.9491221825024077,0.24147405097941682,0.1,0.1,1.0,1.0
475,475,1,breeder,1.6568312194989334,0.807650554317697,0.6661204434541576,0.1,0.1,1.0,1.0
476,476,1,breeder,0.5245562003190123,0.24157258255900885,0.38290890298131985,0.1,0.1,1.0,1.0
477,477,1,breeder,1.0907107760447758,0.38306022172707876,0.5245903325906182,0.1,0.1,1.0,1.0
478,478,1,breeder,0.24163812646033672,0.6660140554091298,0.8076453066673251,0.1,0.1,1.0,1.0
479,479,1,breeder,0.38317296901828635,0.2415454592456901,0.8077655231426528,0.1,0.1,1.0,1.0
480,480,1,breeder,1.51533673170681,0.9491298394419252,0.38315874440013664,0.1,0.1,1.0,1.0
481,481,2,beryllium,0.9492057865560333,0.1000148036287518,0.6662316786730612,0.1,0.1,1.0,1.0
482,482,1,breeder,1.0907657225110259,0.6661769077731532,1.656621094002933,0.1,0.1,1.0,1.0
483,483,1,breeder,1.0907432081268909,0.6661220210315083,1.0907823482784924,0.1,0.1,1.0,1.0
484,484,1,breeder,1.5152066885957174,0.10001089838199272,0.9492577117006743,0.1,0.1,1.0,1.0
485,485,1,breeder,1.6568312194989334,0.2415301108635394,0.6661204434541576,0.1,0.1,1.0,1.0
486,486,2,beryllium,0.9492768059657603,0.10008056171688606,0.10004374615137772,0.1,0.1,1.0,1.0
487,487,1,breeder,0.9491192077150429,1.0906845561118186,1.3737625203705457,0.1,0.1,1.0,1.0
488,488,1,breeder,0.9493155341267611,0.38309244405614173,0.949208965880853,0.1,0.1,1.0,1.0
489,489,1,breeder,0.5245569526162124,0.6661470265429043,1.6567972711422625,0.1,0.1,1.0,1.0
490,490,1,breeder,0.10007174165489162,0.6662114994150363,0.3830345665238273,0.1,0.1,1.0,1.0
491,491,1,breeder,1.0907107760447758,0.38306022172707876,1.3737709977718546,0.1,0.1,1.0,1.0
492,492,2,beryllium,1.6568312194989334,1.515301108635394,1.0907107760447758,0.1,0.1,1.0,1.0
493,493,2,beryllium,1.0907107760447758,0.38306022172707876,0.807650554317697,0.1,0.1,1.0,1.0
494,494,1,breeder,0.9491136900526466,1.5150954899314921,1.2322876451981968,0.1,0.1,1.0,1.0
495,495,1,breeder,0.10008235505056795,0.666050691540773,1.5153421612448053,0.1,0.1,1.0,1.0
496,496,2,beryllium,0.38306022172707876,0.6661204434541576,0.1,0.1,0.1,1.0,1.0
497,497,1,breeder,1.2322408869083152,0.38306022172707876,0.38306022172707876,0.1,0.1,1.0,1.0
498,498,1,breeder,0.8077033182234797,0.10005878352359829,1.0906905778888565,0.1,0.1,1.0,1.0
499,499,2,beryllium,1.3737528774407386,1.3737136910945493,0.9490430498399681,0.1,0.1,1.0,1.0
500,500,2,beryllium,0.38306022172707876,0.807650554317697,0.2415301108635394,0.1,0.1,1.0,1.0
501,501,2,beryllium,0.2415430722854415,1.2323655208793196,0.8076526314952983,0.1,0.1,1.0,1.0
502,502,1,breeder,0.9491437790929003,1.3737273457008277,0.5244675597175608,0.1,0.1,1.0,1.0
503,503,1,breeder,0.10012319383842974,1.2323617062292602,1.232172675852449,0.1,0.1,1.0,1.0
504,504,1,breeder,0.24160275537732231,0.24149629646827023,0.9492162165515812,0.1,0.1,1.0,1.0
505,505,1,breeder,0.8076154182889552,0.9492166415226266,0.5245953197480624,0.1,0.1,1.0,1.0
506,506,1,breeder,0.9491311785937621,0.24159740946279645,1.0907784703727674,0.1,0.1,1.0,1.0
507,507,2,beryllium,0.1,0.9491806651812363,0.6661204434541576,0.1,0.1,1.0,1.0
508,508,1,breeder,0.9490576428088786,0.5245187090123545,1.6568113008103573,0.1,0.1,1.0,1.0
509,509,2,beryllium,0.1,1.0907107760447758,0.5245903325906182,0.1,0.1,1.0,1.0
510,510,1,breeder,0.5246317052370101,0.2413883545679439,0.9492192127298342,0.1,0.1,1.0,1.0
511,511,2,beryllium,0.9491806651812363,0.5245903325906182,0.5245903325906182,0.1,0.1,1.0,1.0
512,512,1,breeder,0.3831358729859796,1.6567658837308412,0.8075395324893668,0.1,0.1,1.0,1.0
513,513,1,breeder,0.10009124711589377,1.0905927646430535,1.6567437783571533,0.1,0.1,1.0,1.0
514,514,1,breeder,1.5152305115365512,0.24164659562211727,0.24153175812450767,0.1,0.1,1.0,1.0
515,515,1,breeder,0.9490772866076156,0.3829581974763074,1.515193362987526,0.1,0.1,1.0,1.0
516,516,1,breeder,1.3737210566840234,0.38295105260776413,1.0906417142512477,0.1,0.1,1.0,1.0
517,517,2,beryllium,1.2323987544583674,0.24167411988028561,1.6568126729522377,0.1,0.1,1.0,1.0
518,518,2,beryllium,0.10002888603618502,1.515424733221687,0.38311507601506145,0.1,0.1,1.0,1.0
519,519,1,breeder,0.3831282485175496,0.5245590439614507,0.2415778055667673,0.1,0.1,1.0,1.0
520,520,1,breeder,0.24163278579304306,0.24163348114850136,0.10005617237297776,0.1,0.1,1.0,1.0
521,521,1,breeder,0.5247128157440228,0.8076226512531205,0.9490532030684345,0.1,0.1,1.0,1.0
522,522,2,beryllium,0.9491766783789743,0.9492536073550718,1.2322618845202042,0.1,0.1,1.0,1.0
523,523,1,breeder,0.5245903325906182,0.5245903325906182,0.38306022172707876,0.1,0.1,1.0,1.0
524,524,2,beryllium,0.666151007318978,1.656830168709547,1.3735967149014046,0.1,0.1,1.0,1.0
525,525,1,breeder,0.6661204434541576,1.6568312194989334,0.2415301108635394,0.1,0.1,1.0,1.0
526,526,2,beryllium,0.10000323339045168,0.3827917845673672,0.9491069904489353,0.1,0.1,1.0,1.0
527,527,1,breeder,0.3831733643268944,0.949056852380283,0.6661362595902388,0.1,0.1,1.0,1.0
528,528,1,breeder,1.6568237182002683,1.0905696397230231,0.6663299577659049,0.1,0.1,1.0,1.0
529,529,1,breeder,1.6568312194989334,1.3737709977718546,0.9491806651812363,0.1,0.1,1.0,1.0
530,530,1,breeder,1.090821047144634,0.8076280823987844,1.2322251461258895,0.1,0.1,1.0,1.0
531,531,2,beryllium,0.6661204434541576,0.1,1.515301108635394,0.1,0.1,1.0,1.0
532,532,1,breeder,1.6568312194989334,0.6661204434541576,1.6568312194989334,0.1,0.1,1.0,1.0
533,533,1,breeder,0.2415301108635394,1.6568312194989334,0.6661204434541576,0.1,0.1,1.0,1.0
534,534,2,beryllium,0.8077538007012839,0.24163761364722036,0.38308657796223167,0.1,0.1,1.0,1.0
535,535,2,beryllium,0.807650554317697,0.2415301108635394,0.1,0.1,0.1,1.0,1.0
536,536,2,beryllium,0.807650554317697,0.2415301108635394,1.515301108635394,0.1,0.1,1.0,1.0
537,537,1,breeder,0.8078102335438917,0.10000598524683323,0.24179529746265896,0.1,0.1,1.0,1.0
538,538,2,beryllium,1.2321937837860104,1.3736769136419,0.524735197181637,0.1,0.1,1.0,1.0
539,539,1,breeder,0.38306022172707876,0.1,0.38306022172707876,0.1,0.1,1.0,1.0
540,540,1,breeder,0.5246760979902573,0.9492154230526779,0.5246811726666964,0.1,0.1,1.0,1.0
541,541,1,breeder,0.3830535452829283,1.3736490938730634,0.24154974693527484,0.1,0.1,1.0,1.0
542,542,2,beryllium,1.2322408869083152,0.9491806651812363,0.1,0.1,0.1,1.0,1.0
543,543,1,breeder,1.373751278651319,0.3831697504457254,1.656822603962638,0.1,0.1,1.0,1.0
544,544,2,beryllium,1.3737148241984805,0.8076479095181439,1.2323298852097802,0.1,0.1,1.0,1.0
545,545,1,breeder,0.5244389763878374,1.0906660397235743,0.6661329501427513,0.1,0.1,1.0,1.0
546,546,1,breeder,1.0907107760447758,0.2415301108635394,0.1,0.1,0.1,1.0,1.0
547,547,1,breeder,0.1000449831344764,0.24150266436066434,0.5244440276051419,0.1,0.1,1.0,1.0
548,548,1,breeder,1.3737709977718546,0.1,0.807650554317697,0.1,0.1,1.0,1.0
549,549,2,beryllium,1.2321976784658346,0.24159892322003557,1.3736516362788123,0.1,0.1,1.0,1.0
550,550,2,beryllium,1.6566675389818997,1.2322509460857147,1.090620961177571,0.1,0.1,1.0,1.0
551,551,1,breeder,1.3737709977718546,1.3737709977718546,0.1,0.1,0.1,1.0,1.0
552,552,2,beryllium,0.383295124822859,1.6568006861379256,0.5243595355052119,0.1,0.1,1.0,1.0
553,553,1,breeder,1.5152401973786964,0.8075628329452397,1.3736518537504814,0.1,0.1,1.0,1.0
554,554,2,beryllium,0.5245131490450118,0.5247087535832076,1.5153166362539028,0.1,0.1,1.0,1.0
555,555,1,breeder,1.0907107760447758,1.6568312194989334,1.515301108635394,0.1,0.1,1.0,1.0
556,556,2,beryllium,0.2415301108635394,0.2415301108635394,0.38306022172707876,0.1,0.1,1.0,1.0
557,557,2,beryllium,0.6661204434541576,0.2415301108635394,0.2415301108635394,0.1,0.1,1.0,1.0
558,558,1,breeder,0.5245903325906182,0.38306022172707876,0.2415301108635394,0.1,0.1,1.0,1.0
559,559,2,beryllium,0.8077309964651624,0.9492330160270889,1.6568145793312143,0.1,0.1,1.0,1.0
560,560,1,breeder,0.38306022172707876,0.1,0.9491806651812363,0.1,0.1,1.0,1.0
561,561,1,breeder,1.3737584466283765,1.6566998285888899,0.6661660650709536,0.1,0.1,1.0,1.0
562,562,1,breeder,0.38305613621118056,1.5153522416102592,0.3829339483434844,0.1,0.1,1.0,1.0
563,563,2,beryllium,1.5152178178190927,0.8076789244614013,1.6567655774769392,0.1,0.1,1.0,1.0
564,564,2,beryllium,0.3830570306751081,1.0909022577113328,0.8076742527459074,0.1,0.1,1.0,1.0
565,565,1,breeder,1.373550144752689,1.2322575962827003,1.373816538702485,0.1,0.1,1.0,1.0
566,566,2,beryllium,1.3737591340700672,0.9490821699982982,0.5246410146229474,0.1,0.1,1.0,1.0
567,567,1,breeder,0.10004275897909976,1.6567787520864257,0.8075578203458373,0.1,0.1,1.0,1.0
568,568,2,beryllium,0.8077528469456574,1.5152065672338273,1.0906949071326089,0.1,0.1,1.0,1.0
569,569,1,breeder,0.2414820621709365,1.232225035232026,0.24167037437521433,0.1,0.1,1.0,1.0
570,570,2,beryllium,0.2415301108635394,0.38306022172707876,0.807650554317697,0.1,0.1,1.0,1.0
571,571,2,beryllium,0.9493361768780442,1.6567786082383804,1.373753788409411,0.1,0.1,1.0,1.0
572,572,1,breeder,0.666325592730801,0.10000438166397198,0.38317548980641547,0.1,0.1,1.0,1.0
573,573,1,breeder,1.3737155854482475,1.2322555024407154,1.6567217231915858,0.1,0.1,1.0,1.0
574,574,2,beryllium,1.090673824629105,0.666099804686681,0.2416892583396093,0.1,0.1,1.0,1.0
575,575,1,breeder,0.1,1.6568312194989334,0.2415301108635394,0.1,0.1,1.0,1.0
576,576,2,beryllium,0.807650554317697,0.5245903325906182,1.515301108635394,0.1,0.1,1.0,1.0
577,577,1,breeder,1.3737709977718546,0.5245903325906182,0.6661204434541576,0.1,0.1,1.0,1.0
578,578,1,breeder,1.6568312194989334,0.807650554317697,0.1,0.1,0.1,1.0,1.0
579,579,1,breeder,0.9491806651812363,0.2415301108635394,1.6568312194989334,0.1,0.1,1.0,1.0
580,580,1,breeder,1.515301108635394,0.1,1.2322408869083152,0.1,0.1,1.0,1.0
581,581,1,breeder,0.2415301108635394,1.0907107760447758,0.1,0.1,0.1,1.0,1.0
582,582,2,beryllium,0.10001880862558056,1.2323287599678519,0.9489921665906591,0.1,0.1,1.0,1.0
583,583,1,breeder,1.0907107760447758,1.6568312194989334,0.1,0.1,0.1,1.0,1.0
584,584,2,beryllium,1.6567561808316993,0.10013944681827999,0.2416696320139971,0.1,0.1,1.0,1.0
585,585,1,breeder,0.9492614212369763,0.8075727580871624,0.8076065106401217,0.1,0.1,1.0,1.0
586,586,1,breeder,1.373775261891811,0.8076581712393979,0.9491894399303155,0.1,0.1,1.0,1.0
587,587,2,beryllium,0.9492456614509449,1.5151663677022684,1.5151985134853925,0.1,0.1,1.0,1.0
588,588,1,breeder,1.3737395771092027,1.0906723090640558,1.515171910574949,0.1,0.1,1.0,1.0
589,589,1,breeder,0.38306022172707876,0.5245903325906182,0.807650554317697,0.1,0.1,1.0,1.0
590,590,2,beryllium,0.949061064768636,0.5244992559808311,1.3737168294785667,0.1,0.1,1.0,1.0
591,591,1,breeder,1.6568312194989334,1.515301108635394,1.6568312194989334,0.1,0.1,1.0,1.0
592,592,2,beryllium,0.24148321301198986,0.524499809537758,1.515246067584988,0.1,0.1,1.0,1.0
593,593,1,breeder,1.2321710758070403,1.0906224525159651,0.8077225912116605,0.1,0.1,1.0,1.0
594,594,1,breeder,0.2415349552578011,1.3738385373769126,1.5153156309856708,0.1,0.1,1.0,1.0
595,595,2,beryllium,1.6568312194989334,0.5245903325906182,0.38306022172707876,0.1,0.1,1.0,1.0
596,596,1,breeder,0.10000649090753942,1.5152852947485114,0.6660108911761494,0.1,0.1,1.0,1.0
597,597,1,breeder,0.9491806651812363,1.0907107760447758,0.5245903325906182,0.1,0.1,1.0,1.0
598,598,2,beryllium,0.6662100380213136,0.10010140327647118,1.232192198865416,0.1,0.1,1.0,1.0
599,599,1,breeder,0.6660701074369033,0.6662419138967116,1.232064139563456,0.1,0.1,1.0,1.0
600,600,2,beryllium,0.2415301108635394,0.6661204434541576,1.0907107760447758,0.1,0.1,1.0,1.0
601,601,1,breeder,1.6567554197258856,0.10012893416387209,1.0907811875067857,0.1,0.1,1.0,1.0
602,602,2,beryllium,0.24147493208294607,1.0906076410308478,0.6661914890700105,0.1,0.1,1.0,1.0
603,603,1,breeder,0.383114389667769,1.373761306013518,1.6567725932838329,0.1,0.1,1.0,1.0
604,604,1,breeder,1.2321485286726095,1.0907279865052386,0.24160244517150103,0.1,0.1,1.0,1.0
605,605,1,breeder,1.2322408869083152,0.6661204434541576,1.2322408869083152,0.1,0.1,1.0,1.0
606,606,1,breeder,0.38306022172707876,1.2322408869083152,1.2322408869083152,0.1,0.1,1.0,1.0
607,607,2,beryllium,0.8077638341152414,1.3737278872562164,1.5151877551301047,0.1,0.1,1.0,1.0
608,608,2,beryllium,1.2321867931996562,0.38308417870918243,0.10000666765932112,0.1,0.1,1.0,1.0
609,609,1,breeder,1.373642803237863,0.6660687584840894,1.090694204984431,0.1,0.1,1.0,1.0
610,610,1,breeder,0.2415301108635394,1.6568312194989334,0.1,0.1,0.1,1.0,1.0
611,611,1,breeder,0.807664796562822,1.0906332013805902,1.515271737869646,0.1,0.1,1.0,1.0
612,612,1,breeder,0.10002939097979305,1.5153921926822804,0.9491074687128038,0.1,0.1,1.0,1.0
613,613,1,breeder,0.5245903325906182,1.515301108635394,1.3737709977718546,0.1,0.1,1.0,1.0
614,614,1,breeder,0.38316559231443414,1.3737210840726846,1.3737410200196647,0.1,0.1,1.0,1.0
615,615,1,breeder,0.9491806651812363,0.6661204434541576,1.515301108635394,0.1,0.1,1.0,1.0
616,616,1,breeder,1.3737709977718546,0.2415301108635394,0.6661204434541576,0.1,0.1,1.0,1.0
617,617,2,beryllium,0.6661867691579233,0.5245362621965919,0.5247509423667748,0.1,0.1,1.0,1.0
618,618,1,breeder,0.9491480238859606,0.10008593406427232,1.232198799039753,0.1,0.1,1.0,1.0
619,619,2,beryllium,0.9491302328503737,1.6568089697895279,1.0907534991204377,0.1,0.1,1.0,1.0
620,620,1,breeder,0.9490619856616648,0.2416766541737744,0.24151503136234553,0.1,0.1,1.0,1.0
621,621,1,breeder,0.9491806651812363,0.1,1.515301108635394,0.1,0.1,1.0,1.0
622,622,1,breeder,1.6568312194989334,0.38306022172707876,1.0907107760447758,0.1,0.1,1.0,1.0
623,623,2,beryllium,0.3831971783022281,1.3737759341883442,1.0907568132200793,0.1,0.1,1.0,1.0
624,624,2,beryllium,0.10000157764412182,1.6568282633525109,1.0906874807061602,0.1,0.1,1.0,1.0
625,625,2,beryllium,0.5244786886978556,0.2415920776077608,0.1000926971434649,0.1,0.1,1.0,1.0
626,626,1,breeder,0.24157099348768513,1.2323342120422727,1.6567859142276262,0.1,0.1,1.0,1.0
627,627,1,breeder,1.6568046448087934,0.5245583756132992,0.6659678983157081,0.1,0.1,1.0,1.0
628,628,2,beryllium,0.38306022172707876,0.5245903325906182,1.6568312194989334,0.1,0.1,1.0,1.0
629,629,1,breeder,0.24156245344200133,0.38295289391891835,1.3736397779691008,0.1,0.1,1.0,1.0
630,630,1,breeder,0.5245903325906182,0.5245903325906182,0.6661204434541576,0.1,0.1,1.0,1.0
631,631,2,beryllium,0.949296110067771,1.232285330914379,1.232193492359478,0.1,0.1,1.0,1.0
632,632,2,beryllium,1.2322408869083152,1.2322408869083152,0.38306022172707876,0.1,0.1,1.0,1.0
633,633,2,beryllium,0.38306022172707876,0.9491806651812363,0.1,0.1,0.1,1.0,1.0
634,634,2,beryllium,1.2322408869083152,0.1,1.2322408869083152,0.1,0.1,1.0,1.0
635,635,1,breeder,1.6568312194989334,1.3737709977718546,0.1,0.1,0.1,1.0,1.0
636,636,2,beryllium,0.1,1.0907107760447758,1.3737709977718546,0.1,0.1,1.0,1.0
637,637,1,breeder,0.5246032477909295,0.6663081645588297,0.5246843330213415,0.1,0.1,1.0,1.0
638,638,2,beryllium,0.6659848335035125,0.5246338329761309,1.0906790512406095,0.1,0.1,1.0,1.0
639,639,1,breeder,0.3829751497104915,0.9492351702173326,1.2322079433858089,0.1,0.1,1.0,1.0
640,640,1,breeder,0.807650554317697,0.38306022172707876,1.3737709977718546,0.1,0.1,1.0,1.0
641,641,1,breeder,0.38306022172707876,0.807650554317697,1.6568312194989334,0.1,0.1,1.0,1.0
642,642,1,breeder,1.5152831622259437,0.8077507789118238,0.24148234999394513,0.1,0.1,1.0,1.0
643,643,2,beryllium,1.0907107760447758,0.1,0.807650554317697,0.1,0.1,1.0,1.0
644,644,1,breeder,0.5245723954065806,1.373832097715945,1.5151795147629665,0.1,0.1,1.0,1.0
645,645,1,breeder,0.24163154319158053,0.9491293179910277,1.3737613204550518,0.1,0.1,1.0,1.0
646,646,1,breeder,0.1,0.807650554317697,1.3737709977718546,0.1,0.1,1.0,1.0
647,647,1,breeder,0.3831909120750247,0.3831267909880072,0.6661362915768212,0.1,0.1,1.0,1.0
648,648,1,breeder,0.38297805984631256,1.2323507251719663,0.9491324632176907,0.1,0.1,1.0,1.0
649,649,2,beryllium,0.6661204434541576,0.9491806651812363,0.1,0.1,0.1,1.0,1.0
650,650,1,breeder,0.3830726235832686,1.5152964243031675,1.2321427650250054,0.1,0.1,1.0,1.0
651,651,2,beryllium,0.1,0.6661204434541576,0.9491806651812363,0.1,0.1,1.0,1.0
652,652,1,breeder,0.6662082653352956,1.5152236065821525,0.38301614759321484,0.1,0.1,1.0,1.0
653,653,1,breeder,0.9493015630182039,0.5246246251535194,0.24152996621389441,0.1,0.1,1.0,1.0
654,654,1,breeder,0.24153906673246195,1.5153982370160841,1.090633815315108,0.1,0.1,1.0,1.0
655,655,1,breeder,0.24151667787626202,1.2322619194350204,1.0905745218189171,0.1,0.1,1.0,1.0
656,656,1,breeder,1.2322066952311748,0.5245364694045314,0.8077280783962333,0.1,0.1,1.0,1.0
657,657,1,breeder,0.10001480476916093,0.807593642330512,0.2414714733349748,0.1,0.1,1.0,1.0
658,658,1,breeder,0.9493168841133179,0.3831066820347976,0.10000253083573035,0.1,0.1,1.0,1.0
659,659,2,beryllium,1.2323284661891496,0.24143250295738838,0.8075362068707727,0.1,0.1,1.0,1.0
660,660,1,breeder,0.3830257254100111,0.666097678606748,1.515456468931762,0.1,0.1,1.0,1.0
661,661,2,beryllium,0.5244548600587826,0.3831252354819144,1.6566760881785005,0.1,0.1,1.0,1.0
662,662,1,breeder,1.0906129330663028,1.5152642124281945,0.8075892690470816,0.1,0.1,1.0,1.0
663,663,1,breeder,0.807650554317697,1.6568312194989334,0.1,0.1,0.1,1.0,1.0
664,664,2,beryllium,0.524660972867047,1.5151524127665548,0.24151963387063066,0.1,0.1,1.0,1.0
665,665,2,beryllium,1.2322368904665433,1.65672685414135,0.524490389853022,0.1,0.1,1.0,1.0
666,666,1,breeder,1.2323106750092216,0.24151862731176538,0.5243696929308959,0.1,0.1,1.0,1.0
667,667,1,breeder,1.6568312194989334,0.2415301108635394,0.9491806651812363,0.1,0.1,1.0,1.0
668,668,2,beryllium,0.8075867516102435,1.5151638395328002,0.8077685695793498,0.1,0.1,1.0,1.0
669,669,2,beryllium,1.0907107760447758,1.0907107760447758,1.515301108635394,0.1,0.1,1.0,1.0
670,670,1,breeder,1.656775443188169,1.5152641199375962,0.5247340432521301,0.1,0.1,1.0,1.0
671,671,2,beryllium,1.2322195070640365,1.232145977626298,0.6661632668681319,0.1,0.1,1.0,1.0
672,672,2,beryllium,1.6568312194989334,0.1,1.3737709977718546,0.1,0.1,1.0,1.0
673,673,2,beryllium,0.38303250261417726,0.524674034330814,1.373900817375424,0.1,0.1,1.0,1.0
674,674,2,beryllium,1.0907925862599746,0.9492026267186569,0.5245397858322378,0.1,0.1,1.0,1.0
675,675,1,breeder,1.2323523371707954,0.6660829308457419,0.666179210631215,0.1,0.1,1.0,1.0
676,676,1,breeder,0.9491799760096467,0.2416576360480521,0.8076740027371284,0.1,0.1,1.0,1.0
677,677,1,breeder,0.9489668999648143,0.5247160509255488,1.0907771551550332,0.1,0.1,1.0,1.0
678,678,1,breeder,0.2414333512811731,1.0907915174723821,1.5152192747810989,0.1,0.1,1.0,1.0
679,679,1,breeder,1.0906529861566314,0.5247031083072348,0.9492524947461873,0.1,0.1,1.0,1.0
680,680,1,breeder,1.2322122300118563,1.6567414889890126,1.3739092166477826,0.1,0.1,1.0,1.0
681,681,2,beryllium,0.8077577292533678,0.10028586267679515,1.3736753486492794,0.1,0.1,1.0,1.0
682,682,2,beryllium,1.2322034941224596,1.5152698782952874,0.38292594327842705,0.1,0.1,1.0,1.0
683,683,1,breeder,1.3737793152289677,1.3738173844227597,0.38296830263750353,0.1,0.1,1.0,1.0
684,684,1,breeder,1.2322408869083152,0.1,0.6661204434541576,0.1,0.1,1.0,1.0
685,685,1,breeder,1.6568312194989334,0.38306022172707876,1.6568312194989334,0.1,0.1,1.0,1.0
686,686,2,beryllium,0.9491806651812363,0.38306022172707876,0.38306022172707876,0.1,0.1,1.0,1.0
687,687,2,beryllium,0.6661345467940153,1.3737688617736863,1.090496035558492,0.1,0.1,1.0,1.0
688,688,1,breeder,0.6661204434541576,0.1,0.1,0.1,0.1,1.0,1.0
689,689,1,breeder,0.5246601069716772,0.807725165068167,1.5153716733372342,0.1,0.1,1.0,1.0
690,690,1,breeder,1.0907410960291657,0.6661332732544198,0.807685342779567,0.1,0.1,1.0,1.0
691,691,2,beryllium,1.2322234322160692,0.2414720574742493,1.0906767829591044,0.1,0.1,1.0,1.0
692,692,1,breeder,1.2321417434434307,0.524479890755033,1.6567543043429842,0.1,0.1,1.0,1.0
693,693,2,beryllium,0.8078114805639885,0.10003705170587035,1.6567867055939358,0.1,0.1,1.0,1.0
694,694,1,breeder,0.9491806651812363,0.1,0.9491806651812363,0.1,0.1,1.0,1.0
695,695,1,breeder,0.6660923410900452,1.3738611731425259,1.6567182625625865,0.1,0.1,1.0,1.0
696,696,1,breeder,0.6660697614659533,1.2321559241422986,1.232343125129913,0.1,0.1,1.0,1.0
697,697,1,breeder,0.6660363949938886,1.3736200426376457,0.5245587816425559,0.1,0.1,1.0,1.0
698,698,2,beryllium,1.373773177751851,0.10012257926992052,1.3737038692147456,0.1,0.1,1.0,1.0
699,699,2,beryllium,0.8076789456910443,1.6568123447862944,0.6660170842206518,0.1,0.1,1.0,1.0
700,700,1,breeder,0.10019973892988436,0.24154012192347596,0.24154040205060653,0.1,0.1,1.0,1.0
701,701,1,breeder,0.2415301108635394,1.3737709977718546,0.9491806651812363,0.1,0.1,1.0,1.0
702,702,2,beryllium,1.3737709977718546,0.1,1.6568312194989334,0.1,0.1,1.0,1.0
703,703,1,breeder,0.38306022172707876,0.2415301108635394,1.6568312194989334,0.1,0.1,1.0,1.0
704,704,1,breeder,0.10007114767881807,0.9492018010296995,0.9489264432171536,0.1,0.1,1.0,1.0
705,705,2,beryllium,1.515301108635394,0.6661204434541576,0.1,0.1,0.1,1.0,1.0
706,706,2,beryllium,1.515159245511834,0.5246146792497711,0.5244532361003473,0.1,0.1,1.0,1.0
707,707,1,breeder,0.6660272965529193,0.3830028048201215,0.10003091899467162,0.1,0.1,1.0,1.0
708,708,1,breeder,0.6661204434541576,0.9491806651812363,0.9491806651812363,0.1,0.1,1.0,1.0
709,709,2,beryllium,1.2322408869083152,1.3737709977718546,0.2415301108635394,0.1,0.1,1.0,1.0
710,710,1,breeder,1.5152014779291019,0.5244729306472757,1.0906122127563542,0.1,0.1,1.0,1.0
711,711,2,beryllium,1.6568312194989334,1.2322408869083152,1.6568312194989334,0.1,0.1,1.0,1.0
712,712,1,breeder,0.2416618492736776,0.6661153483397241,0.2415368377477183,0.1,0.1,1.0,1.0
713,713,1,breeder,1.515301108635394,0.5245903325906182,0.2415301108635394,0.1,0.1,1.0,1.0
714,714,2,beryllium,0.9491714072404273,1.2321250122842347,0.10001104817057777,0.1,0.1,1.0,1.0
715,715,1,breeder,0.949261343031891,1.2323177139398753,0.666029268473871,0.1,0.1,1.0,1.0
716,716,1,breeder,1.2322959979378947,0.6660747742955396,0.38304053151250067,0.1,0.1,1.0,1.0
717,717,2,beryllium,0.24156483827451472,0.8076094039958631,0.9491536401366526,0.1,0.1,1.0,1.0
718,718,1,breeder,0.6660747944498603,1.232026734531446,0.9492812495502497,0.1,0.1,1.0,1.0
719,719,2,beryllium,0.5245842771217778,0.38298924441967325,1.0906567625917614,0.1,0.1,1.0,1.0
720,720,2,beryllium,0.24155988699679257,1.2323313234955275,1.3737965604398725,0.1,0.1,1.0,1.0
721,721,2,beryllium,0.8076821988036328,1.2322149695265785,1.0906949526300782,0.1,0.1,1.0,1.0
722,722,1,breeder,0.5244583201376666,1.6568025131374935,1.232185441184679,0.1,0.1,1.0,1.0
723,723,1,breeder,1.23214388321016,0.5245018784768993,1.0906710898936194,0.1,0.1,1.0,1.0
724,724,2,beryllium,0.8076626745592342,0.9489808183023172,0.2415284037464382,0.1,0.1,1.0,1.0
725,725,1,breeder,0.8076454794025923,0.8078492055038038,0.9490769913114109,0.1,0.1,1.0,1.0
726,726,1,breeder,1.515354292327859,0.8077080532855458,0.5245958028144426,0.1,0.1,1.0,1.0
727,727,1,breeder,1.0906875076482083,1.0907750842437514,0.9491745076088265,0.1,0.1,1.0,1.0
728,728,1,breeder,1.3738640645197397,0.949271584261332,1.0908210501258255,0.1,0.1,1.0,1.0
729,729,1,breeder,1.0906591141632787,1.2323009232880011,1.3736783877090946,0.1,0.1,1.0,1.0
730,730,2,beryllium,0.5244869465471023,1.0907677422884539,0.9491158842249623,0.1,0.1,1.0,1.0
731,731,2,beryllium,0.10005369688280817,0.6660096223879035,0.10002784423210484,0.1,0.1,1.0,1.0
732,732,1,breeder,1.3737709977718546,1.515301108635394,1.6568312194989334,0.1,0.1,1.0,1.0
733,733,1,breeder,0.6661097143773577,0.5244862256194415,0.2414945231823554,0.1,0.1,1.0,1.0
734,734,1,breeder,0.2415301108635394,1.6568312194989334,1.515301108635394,0.1,0.1,1.0,1.0
735,735,2,beryllium,0.9492155697288494,1.0908910772837404,1.656823110711476,0.1,0.1,1.0,1.0
736,736,1,breeder,0.3830123141380666,0.38292211689329414,1.232193339925387,0.1,0.1,1.0,1.0
737,737,1,breeder,0.2415301108635394,1.6568312194989334,0.38306022172707876,0.1,0.1,1.0,1.0
738,738,1,breeder,0.38295273109741806,1.6567129616535476,1.6568049874868302,0.1,0.1,1.0,1.0
739,739,2,beryllium,0.5247791114993532,0.6663084598335219,1.373727192019117,0.1,0.1,1.0,1.0
740,740,2,beryllium,0.1,1.6568312194989334,0.5245903325906182,0.1,0.1,1.0,1.0
741,741,2,beryllium,1.3737709977718546,1.3737709977718546,1.2322408869083152,0.1,0.1,1.0,1.0
742,742,1,breeder,1.2322624405895253,0.38300385782404595,1.2321226177486144,0.1,0.1,1.0,1.0
743,743,1,breeder,1.5153197422541471,1.2322605622279799,0.9490594159023216,0.1,0.1,1.0,1.0
744,744,1,breeder,1.51535788341492,0.6659763052093467,1.2321665686043841,0.1,0.1,1.0,1.0
745,745,2,beryllium,1.3738588462646448,1.5153758810215687,0.5246404184264857,0.1,0.1,1.0,1.0
746,746,2,beryllium,0.5245903325906182,0.807650554317697,0.1,0.1,0.1,1.0,1.0
747,747,2,beryllium,1.3737709977718546,0.5245903325906182,1.515301108635394,0.1,0.1,1.0,1.0
748,748,1,breeder,0.24157162135038046,1.3739168846011287,0.3832255646503546,0.1,0.1,1.0,1.0
749,749,1,breeder,1.6568312194989334,0.2415301108635394,0.1,0.1,0.1,1.0,1.0
750,750,2,beryllium,0.2415301108635394,0.807650554317697,0.1,0.1,0.1,1.0,1.0
751,751,1,breeder,0.9492085722818964,1.0907442372279006,0.8076678987147867,0.1,0.1,1.0,1.0
752,752,2,beryllium,0.8077660422774048,0.9491194179342,1.0908164743835114,0.1,0.1,1.0,1.0
753,753,2,beryllium,1.515301108635394,0.1,0.1,0.1,0.1,1.0,1.0
754,754,1,breeder,0.8077510644385998,0.24145606969306233,0.9491264751327515,0.1,0.1,1.0,1.0
755,755,1,breeder,0.10006348123686179,0.2414191194842477,0.8074392051655718,0.1,0.1,1.0,1.0
756,756,2,beryllium,0.3829871725450112,0.8075657309645816,1.0907278985819693,0.1,0.1,1.0,1.0
757,757,2,beryllium,1.3737709977718546,1.6568312194989334,1.2322408869083152,0.1,0.1,1.0,1.0
758,758,1,breeder,0.8076803660201408,0.38307478509809206,1.090599218901449,0.1,0.1,1.0,1.0
759,759,1,breeder,0.9491806651812363,0.6661204434541576,1.2322408869083152,0.1,0.1,1.0,1.0
760,760,2,beryllium,0.5244848973723042,1.6568150565731963,0.10010939803850442,0.1,0.1,1.0,1.0
761,761,1,breeder,1.5152020840887974,1.5153867866889792,1.5153099715353733,0.1,0.1,1.0,1.0
762,762,1,breeder,1.6568312194989334,1.0907107760447758,1.2322408869083152,0.1,0.1,1.0,1.0
763,763,2,beryllium,1.515301108635394,1.3737709977718546,0.807650554317697,0.1,0.1,1.0,1.0
764,764,1,breeder,0.807650554317697,1.6568312194989334,0.38306022172707876,0.1,0.1,1.0,1.0
765,765,2,beryllium,1.6568312194989334,0.807650554317697,1.2322408869083152,0.1,0.1,1.0,1.0
766,766,2,beryllium,0.6662917157316287,1.5152753225069586,0.6661887346211824,0.1,0.1,1.0,1.0
767,767,2,beryllium,1.090650894847243,0.6661258928741853,1.3738083928829372,0.1,0.1,1.0,1.0
768,768,1,breeder,1.6567860014920386,1.3736290734428596,0.6661257618316994,0.1,0.1,1.0,1.0
769,769,1,breeder,1.6568312194989334,1.6568312194989334,0.6661204434541576,0.1,0.1,1.0,1.0
770,770,1,breeder,1.3737560768490613,1.6567849927026235,0.10008220475443712,0.1,0.1,1.0,1.0
771,771,1,breeder,0.9491102463607268,0.807531077561048,1.3737496843852166,0.1,0.1,1.0,1.0
772,772,2,beryllium,0.666235300958549,1.2324011701223963,1.515334719454943,0.1,0.1,1.0,1.0
773,773,2,beryllium,1.0907107760447758,1.2322408869083152,0.2415301108635394,0.1,0.1,1.0,1.0
774,774,2,beryllium,1.5152725117060688,1.0907085549544464,1.0907768047248303,0.1,0.1,1.0,1.0
775,775,1,breeder,1.2322408869083152,0.1,0.9491806651812363,0.1,0.1,1.0,1.0
776,776,1,breeder,0.24149478198960833,0.100000807633424,1.0908178254462402,0.1,0.1,1.0,1.0
777,777,1,breeder,1.2322130754163825,0.9492777186866552,1.2321310617280594,0.1,0.1,1.0,1.0
778,778,1,breeder,1.2321461657003547,0.5245216748460118,0.24151452707707186,0.1,0.1,1.0,1.0
779,779,2,beryllium,0.6660319079264634,1.6567791666910048,1.656778788132837,0.1,0.1,1.0,1.0
780,780,2,beryllium,0.8076333548612218,0.524724438364163,0.6661746316809267,0.1,0.1,1.0,1.0
781,781,1,breeder,0.24154690070417936,1.0906004762178012,0.9490777236706145,0.1,0.1,1.0,1.0
782,782,1,breeder,0.24149009964029677,0.5245626425203779,0.949055244240098,0.1,0.1,1.0,1.0
783,783,2,beryllium,0.5245903325906182,0.5245903325906182,0.1,0.1,0.1,1.0,1.0
784,784,1,breeder,0.6659941619049702,1.515344421375921,1.5152819149312817,0.1,0.1,1.0,1.0
785,785,1,breeder,0.665995120974858,1.090758439804971,1.3739474965181702,0.1,0.1,1.0,1.0
786,786,2,beryllium,1.3737913752627864,1.2320632094899318,0.8076864902631964,0.1,0.1,1.0,1.0
787,787,1,breeder,0.949238559263353,0.3830316720037658,0.6661973974287119,0.1,0.1,1.0,1.0
788,788,1,breeder,0.8076251503405496,0.6660621432313394,1.3738653711736015,0.1,0.1,1.0,1.0
789,789,1,breeder,0.1,1.3737709977718546,1.6568312194989334,0.1,0.1,1.0,1.0
790,790,2,beryllium,0.24170952279134494,0.5245554825651332,1.2322630805690697,0.1,0.1,1.0,1.0
791,791,1,breeder,0.8074506576595383,0.52470545231796,1.2321176033919499,0.1,0.1,1.0,1.0
792,792,1,breeder,0.6662407768592392,0.2415671550104153,0.8077451315163647,0.1,0.1,1.0,1.0
793,793,1,breeder,0.6661204434541576,0.9491806651812363,1.515301108635394,0.1,0.1,1.0,1.0
794,794,1,breeder,0.5245822301877421,0.24142732155282717,1.2323360700542776,0.1,0.1,1.0,1.0
795,795,2,beryllium,0.1,0.1,1.2322408869083152,0.1,0.1,1.0,1.0
796,796,1,breeder,0.8076436384917172,1.2322787428945159,0.8076417290389039,0.1,0.1,1.0,1.0
797,797,1,breeder,0.8074980565029599,1.373801147843966,1.2321904769120804,0.1,0.1,1.0,1.0
798,798,1,breeder,1.6567097065228866,1.6567816398148614,0.1001557823709345,0.1,0.1,1.0,1.0
799,799,1,breeder,0.5246040423885828,0.6661555231091,1.0905639944121936,0.1,0.1,1.0,1.0
800,800,2,beryllium,0.10001689935141742,1.6567806116439645,1.6567315370330644,0.1,0.1,1.0,1.0
